assembly_no,district,cand_no,party,name_kr,name_cn,sex,birthyear,birthmonth,birthday,address,job,education,experience,recommend_priority,votenum,voterate,elected
17,서울 종로구,,한나라당,박진,朴振,남,1956,09,16,,국회의원,옥스포드대학교(영국) 정치학박사('85~'93),16대 국회의원||한나라당대변인,,37431,42.80,True
17,서울 중구,,한나라당,박성범,朴成範,남,1940,03,17,,정당인,중앙대학교 신문방송대학원 졸업(석사),KBS 보도본부장||15대국회의원(서울중구),,29837,45.90,True
17,서울 용산구,,한나라당,진영,陳永,남,1950,10,23,,변호사,서울대학교 법학과 졸업,서울지방법원 남부지원 판사||경쟁력강화를 위한 변호사모임 대표,,51025,46.00,True
17,서울 성동구갑,,열린우리당,최재천,崔載千,남,1963,11,19,,변호사,전남대학교 대학원 졸업(법학박사),성동구 고문변호사||법무법인 한강 대표변호사,,35617,40.90,True
17,서울 성동구을,,열린우리당,임종석,任鍾晳,남,1966,04,24,,정당인(국회의원),한양대학교 무기재료공학과 졸업,제16대 국회의원||열린우리당 원내부대표(현),,36467,49.60,True
17,서울 광진구갑,,열린우리당,김영춘,金榮春,남,1962,02,05,,국회의원,고려대학교대학원졸업(정치학석사),제16대 국회의원,,44519,50.70,True
17,서울 광진구을,,열린우리당,김형주,金炯柱,남,1963,09,24,,정당인,한국외대 대학원졸업(정치학박사),한국청년연합회(KYC)초대회장||호서대학교경상학부 해외개발학과 겸임교수,,31963,35.70,True
17,서울 동대문구갑,,열린우리당,김희선,金希宣,여,1943,10,28,,국회의원,대전여자상업고등학교 2년 중퇴,국회민족정기의원모임 회장||열린우리당 전국여성위원장,,43228,44.10,True
17,서울 동대문구을,,한나라당,홍준표,洪準杓,남,1954,12,05,,국회의원,고대 법대 행정학과 졸업,당 전략기획위원장||15| 16대 국회의원,,37058,42.70,True
17,서울 중랑구갑,,열린우리당,이화영,李華泳,남,1963,12,11,,정당인,성균관대학교 사회학과 졸업,열린우리당 기획조정실장||이상수의원 보좌관,,39110,44.20,True
17,서울 중랑구을,,열린우리당,김덕규,金德圭,남,1941,03,09,,국회의원,고려대학교 정치외교학과 졸업,국회정보위원장(현재)||국회 행정경제위원장(14대),,49871,49.50,True
17,서울 성북구갑,,열린우리당,유재건,柳在乾,남,1937,09,19,,국회의원,연세대학교 정치외교학과 졸업,열린우리당 상임중앙위원||제15대| 16대 국회의원,,44531,42.80,True
17,서울 성북구을,,열린우리당,신계륜,申溪輪,남,1954,08,13,,국회의원,고려대학교 행정학과 졸업,제14대|16대 국회의원||노무현대통령 당선자 비서실장,,54979,51.00,True
17,서울 강북구갑,,열린우리당,오영식,吳泳食,남,1967,02,28,,정당인,고대대학원 박사과정(경영학과) 3학기 휴학,1988년 고려대학교 총학생회장||열린우리당 깨끗한 정치 실천 특위 간사,,36638,46.10,True
17,서울 강북구을,,열린우리당,최규식,崔奎植,남,1953,11,17,,정당인,서울대학교대학원 정치학과 2년수료,한국일보 정치부장. 편집국장||열린우리당 정동영 의장 언론특보,,36206,42.50,True
17,서울 도봉구갑,,열린우리당,김근태,金槿泰,남,1947,02,14,,제16대 국회의원,서울대학교 경제학과 졸업,열린우리당 원내대표,,42583,52.10,True
17,서울 도봉구을,,열린우리당,유인태,柳寅泰,남,1948,09,05,,정치인,서울대 사회학과 졸업,제14대 국회의원(도봉갑)||청와대 정무수석,,42564,47.40,True
17,서울 노원구갑,,열린우리당,정봉주,鄭鳳柱,남,1960,07,02,,(주)외대어학원 대표,한국외국어대학교 영어과 졸업,강남북균형발전주민연대 자문위원||열린우리당 어학교육특별위원장,,36992,42.70,True
17,서울 노원구을,,열린우리당,우원식,禹元植,남,1957,09,18,,노원희망포럼 대표,연세대학교 공과대학 졸업,대통령직인수위 정무분과 자문위원||강남북균형발전 주민연대회의 의장,,44720,41.50,True
17,서울 노원구병,,열린우리당,임채정,林采正,남,1941,05,14,,국회의원,고려대 법대 졸업,제16대 대통령직 인수위원회 위원장||대통령 자원협력특별사절(현),,44923,45.20,True
17,서울 은평구갑,,열린우리당,이미경,李美卿,여,1950,09,20,,정당인,이화여자대학교 대학원 정치외교학과 졸업,열린우리당 상임중앙위원||15·16대 국회의원,,50785,51.80,True
17,서울 은평구을,,한나라당,이재오,李在五,남,1945,01,11,,국회의원,중앙대학교 경제학과 졸업,한나라당 원내총무||국회 정치개혁특별위원장,,53107,45.30,True
17,서울 서대문구갑,,열린우리당,우상호,禹相虎,남,1962,12,19,,정당인,연세대행정대학원 공공정책 석사4학기 재학,87년 연세대학교 총학생회장||열린우리당 보육특별위원회 위원장,,38795,46.10,True
17,서울 서대문구을,,한나라당,정두언,鄭斗彦,남,1957,03,06,,서강대학교 겸임교수,국민대 행정학 박사,행정고시 24회 합격(1980년)||서울특별시 정무부시장(2002.7-2003.10),,39734,45.60,True
17,서울 마포구갑,,열린우리당,노웅래,盧雄來,남,1957,08,03,,정당인(열린우리당부대변인),서울중앙대학교 4년졸업,20개단일노조MBC노동조합위원장||MBC보도국 사회부 차장,,35842,44.20,True
17,서울 마포구을,,열린우리당,정청래,鄭淸來,남,1965,04,18,,정당인,서강대학교공공정책대학원북한통일정책학과,열린우리당 청년대표 중앙위원||시민단체 <국민의 힘> 초대대표,,45405,44.80,True
17,서울 양천구갑,,한나라당,원희룡,元喜龍,남,1964,02,14,,국회의원,서울대학교 법학과 졸업,검사.변호사||제16대 국회의원,,69056,56.60,True
17,서울 양천구을,,열린우리당,김낙순,金洛淳,남,1957,08,24,,정당인,고려대학교 정책대학원 졸업,국회의원 입법 보좌관||`95~`02년 서울시의회의원(제4| 5대),,40658,40.00,True
17,서울 강서구갑,,열린우리당,신기남,辛基南,남,1952,10,16,,국회의원,서울대학교 대학원 법학과 2년수료,제15|16대 국회의원||제17대 총선 선거대책본부장,,63331,51.20,True
17,서울 강서구을,,열린우리당,노현송,盧顯松,남,1954,01,28,,정당인,와세다대대학원 문학연구과박사과정4년수료,고려대교수||민선 제2대 서울강서구청장,,56107,45.50,True
17,서울 구로구갑,,열린우리당,이인영,李仁榮,남,1964,06,28,,정당인,고려대언론대학원정보통신학과2년6월수료,고려대학교 총학생회장||전국대학생대표자협의회 초대의장,,48970,44.70,True
17,서울 구로구을,,열린우리당,김한길,金한길,남,1953,09,17,,정당인,건국대학교 정치외교학과 졸업,청와대정책기획수석||문화관광부 장관,,48673,54.00,True
17,서울 금천구,,열린우리당,이목희,李穆熙,남,1953,09,10,,정당인,서울대학교 사회과학대학 무역학과 졸업,노무현대통령후보 특보||열린우리당 국정자문위원,,49818,42.50,True
17,서울 영등포구갑,,한나라당,고진화,高鎭和,남,1963,02,27,,정당인,연세대학교  정치학과 박사과정 5학기휴학,[미래연대] 공동대표||[한국과 세계] 대표,,37230,37.00,True
17,서울 영등포구을,,한나라당,권영세,權寧世,남,1959,02,24,,국회의원,미국 하버드 케네디스쿨졸업 (1년과정),서울지검 부부장 검사||한나라당 소장파 구당모임 대변인,,41432,43.40,True
17,서울 동작구갑,,열린우리당,전병헌,田炳憲,남,1958,03,17,,정당인,고려대학교 정책대학원 졸업(경제학 석사),열린우리당 정책위 상임부의장||청와대 국정상황실장,,46291,43.30,True
17,서울 동작구을,,열린우리당,이계안,李啓安,남,1952,03,28,,정당인,서울대학교 경영학과 졸업,현대자동차 사장 (46세)||열린우리당 정동영당의장 경제담당 특보,,48402,50.00,True
17,서울 관악구갑,,열린우리당,유기홍,柳基洪,남,1958,06,11,,정당인,서울대학교 인문대학 국사학과 졸업,전 청와대 정책기획실 국장||열린우리당 정책위 부의장,,62694,46.80,True
17,서울 관악구을,,열린우리당,이해찬,李海瓚,남,1952,07,10,,국회의원,서울대학교 사회학과 졸업,제38대 교육부장관||열린우리당 창당기획단장,,49673,41.10,True
17,서울 서초구갑,,한나라당,이혜훈,李惠薰,여,1964,06,15,,연세대학교 교수,미국 UCLA대학교 경제학 박사,UN 경제정책자문위원||영국 레스터 대학교 교수,,54103,56.40,True
17,서울 서초구을,,한나라당,김덕룡,金德龍,남,1941,04,06,,국회의원,서울대학교 사회학과 3년 수료,서울대학교 문과대학 학생회장||대통령후보 경선주자,,53537,54.20,True
17,서울 강남구갑,,한나라당,이종구,李鍾九,남,1950,09,22,,당 정책공약개발단 부단장,서울대학교 경제학과 졸업,재정경제부 금융정책국장||금융감독위원회 상임위원,,76601,63.00,True
17,서울 강남구을,,한나라당,공성진,孔星鎭,남,1953,04,20,,한양대 행정대학원 교수,美클레어몬트대학원 정치학박사(82.9~86.2),EBS 자문위원||미래구상연구소 소장,,70831,57.50,True
17,서울 송파구갑,,한나라당,맹형규,孟亨奎,남,1946,08,09,,국회의원,연세대학교 정치외교학과 졸업,한나라당 정책위원회 부의장||제15|16대 국회의원,,51247,54.10,True
17,서울 송파구을,,한나라당,박계동,朴啓東,남,1952,12,20,,정당인,고려대학교 정치외교학과 졸업,제14대 국회의원||택시기사(금구상운),,42002,49.30,True
17,서울 송파구병,,열린우리당,이근식,李根植,남,1946,02,10,,정당인,서울대학교 법학과 졸업,국민의정부 행정자치부장관,,41205,38.20,True
17,서울 강동구갑,,한나라당,김충환,金忠環,남,1954,03,09,,정당인,서울대 사회과학대학정치학과 졸업,행정고시합격||강동구청장(민선1|2|3기),,55205,47.20,True
17,서울 강동구을,,열린우리당,이상경,李相庚,남,1964,02,22,,변호사,전북대학교 대학원 경제학 박사과정 수료,1990년 사법고시| 행정고시 합격||전주|인천지방법원 판사,,41784,40.10,True
17,부산 서구,,한나라당,유기준,兪奇濬,남,1959,08,10,,변호사,서울대학교 법학과 졸업,사법시험(제25회)합격||한나라당 부산시당 부위원장,,30542,45.00,True
17,부산 중구·동구,,한나라당,정의화,鄭義和,남,1948,12,18,,국회의원,부산대학교 의과대학 졸업,15.16대 국회의원||한나라당 수석부총무,,49857,59.60,True
17,부산 영도구,,한나라당,김형오,金炯旿,남,1947,11,30,,국회의원,경남대학교 대학원 정치학박사,14|15|16대 국회의원||한나라당 사무총장,,39235,48.40,True
17,부산 부산진구갑,,한나라당,김병호,金秉浩,남,1943,01,15,,국회의원,고려대학교 정치외교학과 4년 졸업,부산국제신문| 부산일보 기자||KBS 보도본부장,,56770,55.60,True
17,부산 부산진구을,,한나라당,이성권,李成權,남,1968,10,15,,정당인,와세다대학대학원2년졸업 (국제관계학)석사,부산대학교 총학생회장||국회의원 (現박관용 국회의장) 비서관,,43131,45.90,True
17,부산 동래구,,한나라당,이재웅,李在雄,남,1953,08,24,,교수,연세대학교 대학원 졸업(행정학 박사),동의대 행정학과 교수 겸 영상정보대학원장||부산MBC TV시사토론 부산포커스 진행자,,76275,57.30,True
17,부산 남구갑,,한나라당,김정훈,金正薰,남,1957,11,03,,변호사,한양대학교 법학과 졸업,한나라당 이회창 대통령후보 법률특보||부산광역시 고문 변호사,,38308,50.80,True
17,부산 남구을,,한나라당,김무성,金武星,남,1951,09,20,,국회의원,한양대학교 경영학과 졸업,15대16대국회의원||내무부차관,,38826,54.90,True
17,부산 북구·강서구갑,,한나라당,정형근,鄭亨根,남,1945,07,26,,국회의원,서울대학교 법과대학원 졸업| 법학박사,제15·16대 국회의원||한나라당 기획위원장,,41547,51.20,True
17,부산 해운대구기장군갑,,한나라당,서병수,徐秉洙,남,1952,01,09,,정당인,미국 북일리노이주립대학원 경제학박사,동부산대학 겸임교수||민선해운대구청장,,71913,55.60,True
17,부산 해운대구기장군을,,한나라당,안경률,安炅律,남,1948,07,11,,국회의원,서울대학교 철학과 졸업,제16대 국회의원||원내부총무,,46339,55.00,True
17,부산 사하구갑,,한나라당,엄호성,嚴虎聲,남,1955,10,23,,국회의원,서울대 행정대학원 석사과정 수료,행정·사법고시 합격||제16대 국회의원,,40426,54.90,True
17,부산 사하구을,,열린우리당,조경태,趙慶泰,남,1968,01,10,,정당인,부산대학교 토목공학박사,노무현 대통령후보 정책보좌||다대 지하철 건설 추진위원장,,36614,39.10,True
17,부산 금정구,,한나라당,박승환,朴勝煥,남,1957,10,08,,변호사,부산대학교 대학원 법학과 박사과정 수료,민변 부산·경남지부 회장||부산대 고문변호사,,66852,52.40,True
17,부산 북구·강서구을,,한나라당,허태열,許泰烈,남,1945,07,25,,국회의원,성균관대학교 법정대학 법학과 졸업,충북도지사||제16대국회의원,,47625,52.50,True
17,부산 연제구,,한나라당,김희정,金姬廷,여,1971,04,13,,정당인,연세대학교 대학원 정치학박사 수료,(현)한나라당중앙당부대변인||(현)한나라당제2창당준비위원,,57854,53.70,True
17,부산 수영구,,한나라당,박형준,朴亨埈,남,1960,01,19,,동아대 사회학과 정교수,고려대 동대학원 졸업,중앙일보사 기자||대통령자문 정책기획위원,,50803,58.80,True
17,부산 사상구,,한나라당,권철현,權哲賢,남,1947,01,02,,국회의원,일본국립쯔꾸바대학원졸3년 도시사회학박사,한나라당 대변인||한나라당 대통령후보 비서실장,,67960,52.80,True
17,대구 동구갑,,한나라당,주성영,朱盛英,남,1958,04,27,,변호사,고려대학교 법학과 졸업,대구 고등검찰청 부장검사,,42335,60.60,True
17,대구 동구을,,한나라당,박창달,朴昌達,남,1946,03,17,,국회의원,영남대학교 행정대학원 졸업,한나라당 교육위원장||국회 교육위원회 간사,,45245,55.10,True
17,대구 서구,,한나라당,강재섭,姜在涉,남,1948,03,28,,16대 국회의원,서울대학교 법과대학 법학과 졸업,국회의원(4선| 13.14.15.16대)||한나라당 부총재.최고위원,,62392,56.10,True
17,대구 중구남구,,한나라당,곽성문,郭成文,남,1952,11,24,,정당인,서울대학교 국사학과 졸업,MBC 워싱턴특파원||MBC-ESPN 대표이사,,78226,63.10,True
17,대구 북구갑,,한나라당,이명규,李明奎,남,1956,01,10,,변호사,영남대학교 법학대학원 졸업,대구광역시 북구1대 ·2대 ·3대민선구청장||영남대 객원교수,,52727,73.20,True
17,대구 북구을,,한나라당,안택수,安澤秀,남,1943,11,13,,국회의원,서울대학교 정치학과 졸업,제15|16대국회의원||국회재정경제위원장(현),,67877,58.70,True
17,대구 수성구갑,,한나라당,이한구,李漢久,남,1945,12,12,,16대 국회의원,미국캔사스 주립대학교 졸업,한나라당 정책위원회 부의장||대우경제연구소 소장/사장,,65098,60.30,True
17,대구 수성구을,,한나라당,주호영,朱豪英,남,1960,12,10,,변호사,영남대학교 대학원 법학과 졸업,대구지방법원 부장판사||대구지방법원 상주지원장,,62927,66.50,True
17,대구 달서구갑,,한나라당,박종근,朴鍾根,남,1937,02,05,,제15| 16대 국회의원,미국워싱턴주립대학원졸업(국제경제학석사),경제기획원 경제기획관|예산심의관||한나라당 예산결산위원회 위원장,,47635,59.70,True
17,대구 달서구을,,한나라당,이해봉,李海鳳,남,1942,06,15,,국회의원,서울대학교 행정학과졸업,대구직할시장||한나라당 대구시당 위원장,,59927,66.90,True
17,대구 달서구병,,한나라당,김석준,金錫俊,남,1952,06,15,,이화여자대학교 행정학과 교수,美UCLA대학교정치학과졸업(석박사과정졸업),경북대학교 법대교수||경실련 조직위원장,,49688,64.80,True
17,대구 달성군,,한나라당,박근혜,朴槿惠,여,1952,02,02,,국회의원,서강대학교 전자공학과 졸업,한나라당 대표||15대.16대 국회의원,,45298,70.00,True
17,인천 중구동구옹진군,,열린우리당,한광원,韓光元,남,1957,04,01,,공인회계사,서울대학교 경영대학원 2년 졸업,인일회계법인 이사||인하대 총동창회 이사,,29005,35.60,True
17,인천 남구갑,,열린우리당,유필우,柳弼祐,남,1945,01,14,,정치인,서울대학교 행정대학원 수료,인천광역시 정무부시장||대한석탄공사 사장,,38308,44.00,True
17,인천 남구을,,열린우리당,안영근,安泳根,남,1958,02,20,,국회의원,인하대학교 행정학과 졸업,환경운동연합 국정정책자문위원||제16대 국회의원,,42415,46.30,True
17,인천 연수구,,한나라당,황우여,黃祐呂,남,1947,08,03,,국회의원,서울대학교 대학원 법학과 졸업,15|16대 국회의원||감사원 감사위원,,50156,47.20,True
17,인천 남동구갑,,한나라당,이윤성,李允盛,남,1944,10,02,,국회의원,한국외국어대학교 졸업,KBS 보도본부24시|9시뉴스앵커||제15대|16대 국회의원,,35855,45.80,True
17,인천 남동구을,,열린우리당,이호웅,李浩雄,남,1949,08,01,,현역 국회의원,서울대학교정치학과 4년졸업,제16대 국회의원||열린우리당 인천광역시당 대표자,,37886,46.50,True
17,인천 부평구갑,,열린우리당,문병호,文炳浩,남,1959,12,27,,변호사,서울대학교 법과대학 졸업,변호사||민변 사법위원장,,48617,40.80,True
17,인천 부평구을,,열린우리당,최용규,崔龍圭,남,1956,03,10,,국회의원,고려대학교 법학과 졸업,초대민선 부평구청장||제16대 국회의원,,53823,48.80,True
17,인천 계양구갑,,열린우리당,신학용,辛鶴用,남,1952,01,21,,법무사,서울대학교 정치학과 졸업,서울대 총동창회 이사||법무사,,35693,51.10,True
17,인천 계양구을,,열린우리당,송영길,宋永吉,남,1963,03,21,,국회의원,연세대 경영학과 졸업,연세대 초대 총학생회장||국회 재경위원(현),,34706,56.20,True
17,인천 서구·강화군갑,,열린우리당,김교흥,金敎興,남,1960,08,30,,정당인,동국대학교 대학원 박사과정 수료,열린우린당 정책위원회 부의장||중소기업연구원 원장,,48636,45.20,True
17,인천 서구·강화군을,,한나라당,이경재,李敬在,남,1941,12,17,,정당인,서울대학교 사회학과 졸업,15| 16대 국회의원||대통령 공보수석 겸 대변인,,26253,47.50,True
17,광주 동구,,열린우리당,양형일,梁亨一,남,1951,03,02,,교수,미국주립휴스턴대학교 행정학 박사,조선대학교 11대 총장||열린우리당 중앙위원,,28076,51.80,True
17,광주 서구갑,,열린우리당,염동연,廉東淵,남,1946,01,28,,정당인,미국 퍼시픽 웨스턴대학교 정치학석사(2년),노무현 대통령후보 정무특보||열린우리당 정무조정위원장,,33519,52.60,True
17,광주 서구을,,열린우리당,정동채,鄭東采,남,1950,07,03,,국회의원,경희대학교 국어국문학과 졸업,제16대 대선 노무현후보 비서실장||열린우리당 홍보기획단장,,35830,51.60,True
17,광주 남구,,열린우리당,지병문,池秉文,남,1953,10,14,,교수,뉴욕주립대학교 정치학박사,전남대 정치외교학과 교수||광주.전남개혁연대 공동대표(전),,44204,46.20,True
17,광주 북구갑,,열린우리당,강기정,姜琪正,남,1964,12,03,,시민운동가,전남대학교 행정대학원 졸업,청와대 국가균형 발전위원회 자문위원(현)||북구 희망자활후견기관 명예관장(현),,51258,59.80,True
17,광주 북구을,,열린우리당,김태홍,金泰弘,남,1942,09,27,,제16대 국회의원,서울대학교 사학과 졸업,초대민선북구청장||제16대 국회의원(현),,57317,55.70,True
17,광주 광산구,,열린우리당,김동철,金東喆,남,1955,06,30,,(사)한국석유수출입협회회장(현),서울대학교 법학과 졸업,청와대정무수석실정무기획비서관(1급)||열린우리당중앙당정책위부의장(현),,66130,58.00,True
17,대전 동구,,열린우리당,선병렬,宣炳烈,남,1958,04,03,,정당인,충남대학교 사회학과 졸업,대통령정책실신행정수도추진기획단자문위원||대전미래발전연구소 소장,,44205,43.70,True
17,대전 중구,,열린우리당,권선택,權善宅,남,1955,12,01,,대전미래발전연구소 소장,대전대학교대학원박사과정수료(행정학),대전광역시행정부시장||행정자치부자치행정국장,,60046,52.20,True
17,대전 서구갑,,열린우리당,박병석,朴炳錫,남,1952,01,25,,16대 국회의원,한양대대학원신문방송학과박사과정(휴학중),서울시 정무부시장||열린우리당 신행정수도 특별위원장,,49194,51.80,True
17,대전 서구을,,열린우리당,구논회,具論會,남,1960,06,20,,교육사업,고려대학교 행정대학원 졸업(정책학석사),대전대학학원 이사장||지방분권운동 대전본부 공동대표,,47053,41.70,True
17,대전 유성구,,열린우리당,이상민,李相珉,남,1958,01,22,,변호사,충남대학교 법과대학 법학과 졸업,대통령인사보좌 자문위원,,26247,32.20,True
17,대전 대덕구,,열린우리당,김원웅,金元雄,남,1944,03,08,,국회의원,서울대 정치학과 졸업,개혁당 대표||열린우리당 상임중앙위원,,47062,50.80,True
17,울산 중구,,한나라당,정갑윤,鄭甲潤,남,1950,11,08,,국회의원,울산대학교산업대학원졸업,제4대경남도의원||울산대학교총동창회장,,45359,46.80,True
17,울산 남구갑,,한나라당,최병국,崔炳國,남,1942,01,27,,국회의원,서울대학교 사법대학원 수료,대검찰청 중앙수사부장||한나라당 울산광역시당 위원장,,38956,48.80,True
17,울산 남구을,,한나라당,김기현,金起炫,남,1959,02,21,,변호사,서울대학교 대학원 법학과 2년 수료,울산지방법원 판사(전)||(사)울산종합자원봉사센타 이사장,,29347,45.60,True
17,울산 동구,,국민통합21,정몽준,鄭夢準,남,1951,10,17,,국회의원,존스홉킨스대학 국제관계대학원 졸업,국회의원(13|14|15|16대)||국제축구연맹 부회장,,56851,65.20,True
17,울산 북구,,민주노동당,조승수,趙承洙,남,1963,01,22,,정당인,울산대학교 지역개발대학원 졸업(행정학),북구청장||민주노동당 중앙위원,,27212,46.90,True
17,울산 울주군,,열린우리당,강길부,姜吉夫,남,1942,06,05,,교수,경원대학교 대학원 졸업,대통령 건설교통비서관||건설교통부 차관,,31979,42.60,True
17,경기 수원시장안구,,열린우리당,심재덕,沈載德,남,1939,01,15,,정당인,서울대학교농과대학잠사과졸업,민선1.2대수원시장역임||수원문화원원장,,54602,44.40,True
17,경기 수원시권선구,,열린우리당,이기우,李基宇,남,1966,08,16,,디자인큐브 대표,아주대학교 공공정책대학원 3학기 재학중,제5대 경기도의회의원||노무현후보 수원시권선구 선거대책위원장,,49790,44.00,True
17,경기 수원시팔달구,,한나라당,남경필,南景弼,남,1965,01,20,,정당인,美| 예일대 경영대학원 경영학석사(2년),한나라당 대변인(전)||미래연대 공동대표(1기ㆍ4기),,44254,49.00,True
17,경기 수원시영통구,,열린우리당,김진표,金振杓,남,1947,05,04,,정당인,美위스콘신대 대학원 공공정책학과 졸(2년),대통령정책기획수석비서관||부총리겸 재정경제부장관,,49155,48.40,True
17,경기 성남시수정구,,열린우리당,김태년,金太年,남,1965,03,20,,동북아 연구소 소장,경희대학교 행정학과 졸업,경희대학교 총학생회장||고도제한해제범시민대책위공동집행위원장,,47478,44.00,True
17,경기 성남시중원구,,열린우리당,이상락,李相樂,남,1953,05,30,,정당인,독학,전 경기도 도의원||전 경기도 도의회부의장,,42770,39.20,True
17,경기 성남시분당구갑,,한나라당,고흥길,高興吉,남,1944,08,13,,국회의원,서울대학교 정치학과 졸업,중앙일보 편집국장||한나라당 제1사무부총장,,56421,54.10,True
17,경기 성남시분당구을,,한나라당,임태희,任太熙,남,1956,12,01,,국회의원,서울대학교 경영학과 졸업,국회 재정경제위원회 위원||한나라당 제2정책 조정위원장,,55171,54.00,True
17,경기 의정부시갑,,열린우리당,문희상,文喜相,남,1945,03,03,,정당인,서울대학교 법학과 졸업,대통령비서실장||대통령정치특별보좌관,,42823,52.10,True
17,경기 의정부시을,,열린우리당,강성종,康聖鐘,남,1966,07,18,,학원법인 신흥학원 이사장,(미)브리지포트대학교 교육학 박사,새천년민주당의정부시지구당위원장||경기도축구협회회장,,37417,45.40,True
17,경기 안양시만안구,,열린우리당,이종걸,李鍾杰,남,1957,05,22,,국회의원,서울대학교 법학과 졸업,민주사회를위한 변호사모임 기획간사||노무현대통령 후보 수행실장,,59346,51.90,True
17,경기 안양시동안구갑,,열린우리당,이석현,李錫玄,남,1951,03,16,,정당인,서울대학교 법학과 졸업,제14·15대 국회의원||환경관리공단 이사장,,41913,51.60,True
17,경기 안양시동안구을,,한나라당,심재철,沈在哲,남,1958,01,18,,국회의원,서울대학교 영어교육학과 졸업,MBC 기자||한나라당 정책위 부의장,,41838,51.00,True
17,경기 부천시원미구갑,,열린우리당,김기석,金基錫,남,1946,12,05,,정당인,중앙대학교 국제경영대학원 졸업(석사),열린우리당 직능특별위원장||열린우리당 정동영의장 정무특보,,31595,46.70,True
17,경기 부천시원미구을,,열린우리당,배기선,裵基善,남,1950,09,15,,국회의원,고려대 정책과학대학원 석사과정졸업,열린우리당 깨끗한정치실천위원장||국회 문화관광위원장,,56752,47.50,True
17,경기 부천시소사구,,한나라당,김문수,金文洙,남,1951,08,27,,국회의원,서울대학교 경영대학 경영학과 졸업,제15·16대 국회의원||제17대 한나라당 국회의원 공천심사위원장,,50418,52.90,True
17,경기 부천시오정구,,열린우리당,원혜영,元惠榮,남,1951,09,27,,정당인,서울대학교 역사교육학과졸업,제14대국회의원||부천시장,,43284,60.10,True
17,경기 광명시갑,,열린우리당,이원영,李源榮,남,1954,04,07,,변호사,서울대학교 법과대학 법학과 졸업,민.변 부회장||법무법인 이산 대표변호사,,36326,49.40,True
17,경기 광명시을,,한나라당,전재희,全在姬,여,1949,09,06,,국회의원,영남대학교 법정대학 4년졸,광명시장 (관선·민선)||제16대 국회의원 (경기광명),,36029,47.20,True
17,경기 평택시갑,,열린우리당,우제항,禹濟恒,남,1948,10,26,,정당인,서울대학교 환경대학원 졸업(도시계획학),경희대학교 객원교수 역임||대통령직속국가균형발전위원회자문위원(현),,32990,48.60,True
17,경기 평택시을,,열린우리당,정장선,鄭長善,남,1958,03,16,,제16대 국회의원,연세대학교 행정대학원 졸업,국회정치개혁특별위원회위원||국회 농림해양수산위원회 간사위원(現),,39270,49.30,True
17,경기 양주시동두천시,,열린우리당,정성호,鄭成湖,남,1962,06,02,,변호사,서울대학교 법과대학 졸업,열린우리당 수도권대책특별위원회위원장||서울대학교 총동문회 이사,,45082,49.30,True
17,경기 안산시상록구갑,,열린우리당,장경수,張炅秀,남,1959,08,16,,시민운동가,단국대학교 대학원 박사과정  수료,인천시민대학 강사역임||(전)안산 환경운동연합 집행위원,,31646,44.30,True
17,경기 안산시상록구을,,열린우리당,임종인,林鍾仁,남,1956,08,28,,변호사,고려대학교 법학과 졸업,민주사회를위한변호사모임 부회장||안산 해마루 법무법인 대표변호사,,27960,47.90,True
17,경기 안산시단원구갑,,열린우리당,천정배,千正培,남,1954,12,12,,국회의원,서울대학교 대학원 법학과 석사과정 졸업,제15대| 제16대 국회의원||열린우리당 클린선거위원회 위원장,,32094,58.20,True
17,경기 안산시단원구을,,열린우리당,제종길,諸淙吉,남,1955,03,21,,한국해양연구원 책임연구원,서울대학교 대학원 해양학과 박사과정 졸업,한국해양연구원 책임연구원||안산시 21세기 발전위원회 환경분과 위원장,,26002,44.80,True
17,경기 고양시덕양구갑,,열린우리당,유시민,柳時敏,남,1959,07,28,,국회의원,서울대학교 경제학과 졸업,개혁국민정당 대표집행위원||열린우리당 경기도지부장,,40288,47.90,True
17,경기 고양시덕양구을,,열린우리당,최 성,崔 星,남,1963,08,10,,고양생활경제연구소 소장,고려대학교 정치외교학과 정치학박사,청와대 외교안보수석실(통일비서실)행정관||정동영 열린우리당 의장 통일특보,,40876,50.60,True
17,경기 고양시일산구갑,,열린우리당,한명숙,韓明淑,여,1944,03,24,,정당인,이화여자대학교대학원여성학과졸업(석사),여성부 장관||환경부 장관,,48286,49.00,True
17,경기 고양시일산구을,,한나라당,김영선,金映宣,여,1960,05,16,,국회의원,서울대 법대 공법학과 졸업,사법시험(제20회)합격||15| 16대 국회의원,,52501,45.10,True
17,경기 의왕시과천시,,한나라당,안상수,安商守,남,1946,02,09,,국회의원,마산고| 서울 법대 졸업,한나라당 대변인||대표 특보단장,,48194,48.60,True
17,경기 구리시,,열린우리당,윤호중,尹昊重,남,1963,03,27,,정당인,서울대학교 철학과졸업,청와대 민정·정책기획국장||(주)종합에너지개발회사AWI수석부사장,,36433,43.90,True
17,경기 남양주시갑,,열린우리당,최재성,崔宰誠,남,1965,09,09,,시민운동가,동국대학교 행정대학원졸업(행정학석사),동국대학교 총학생회장||구리토평톨게이트요금폐지범시민대책위원장,,30877,39.80,True
17,경기 남양주시을,,열린우리당,박기춘,朴起春,남,1956,05,01,,정당인,대진대법무행정대학원석사과정행정학과재학,제4|5대  경기도의원(자치행정|운영위원장)||열린우리당 경기도지부 사무처장,,41579,47.60,True
17,경기 오산시,,열린우리당,안민석,安敏錫,남,1966,08,13,,대학교수,미국북콜로라도주립대학교 교육학박사졸업,열린우리당 사교육대책특별위원회 위원장||오산화성 환경운동연합 운영위원장,,27173,60.50,True
17,경기 화성시,,열린우리당,안병엽,安炳燁,남,1945,02,17,,정당인,고려대학교 정치외교학과 졸업,정보통신부 장관||한국정보통신대학교 총장,,43751,45.70,True
17,경기 시흥시갑,,열린우리당,백원우,白元宇,남,1966,05,02,,정당인,고려대학교 신문방송학과 졸업,국회의원 제정구 비서관||대통령 비서실 행정관,,41124,53.00,True
17,경기 시흥시을,,열린우리당,조정식,趙正湜,남,1963,12,25,,정당인,연세대학교 행정대학원 졸업,제정구의원 정책보좌관||열린우리당 이태일 공동의장 특보,,34469,59.40,True
17,경기 군포시,,열린우리당,김부겸,金富謙,남,1958,01,21,,제16대 국회의원,서울대학교 정치학과 졸업,열린우리당 원내부대표||열린우리당 홍보위원장,,61419,49.60,True
17,경기 하남시,,열린우리당,문학진,文學振,남,1954,10,26,,정당인,고려대 사학과 졸업,열린우리당 하남시지구당 위원장||대통령 정무1비서관,,24151,42.70,True
17,경기 파주시,,한나라당,이재창,李在昌,남,1936,10,25,,국회의원,서울대학교 법학과 졸업,경기도지사||환경처장관,,47229,47.00,True
17,경기 용인시갑,,열린우리당,우제창,禹濟昌,남,1963,04,25,,정당인,옥스퍼드 대학 중국경제학 박사,동경대학 동양문화연구소 객원연구소||연세대 국제학 대학원 교수,,54814,46.50,True
17,경기 용인시을,,한나라당,한선교,韓善敎,남,1959,06,23,,정당인,성균관대졸,MBC 아나운서||한나라당 선대위 대변인,,78484,56.10,True
17,경기 안성시,,열린우리당,김선미,金善美,여,1961,03,20,,정당인,숙명여대 약학대학원 약학과 생약학석사,열린우리당 국민참여운동본부장||대한약사회 약사,,33363,50.90,True
17,경기 김포시,,한나라당,유정복,劉正福,남,1957,06,16,,교수,서울대학교 행정대학원 졸업,김포군수||김포시장,,43344,47.80,True
17,경기 이천시여주군,,한나라당,이규택,李揆澤,남,1942,07,20,,국회의원,서울대학교 사범대학 교육학과 졸업,한나라당 원내총무||한나라당 경기도당위원장(현),,49069,41.90,True
17,경기 광주시,,한나라당,박혁규,朴赫圭,남,1954,09,05,,정당인,동원대학 사무자동화과 졸업,경기도의회의원(3선)||16대 국회의원,,37316,44.50,True
17,경기 포천시연천군,,열린우리당,이철우,李哲禹,남,1960,08,09,,정당인,서울시립대 영어영문학과 졸업,대통령 직속 국가균형발전위원회 자문위원||행정자치부 지방분권위원회 자문위원,,36298,43.40,True
17,경기 양평군가평군,,한나라당,정병국,鄭柄國,남,1958,02,10,,국회의원,성균관대 대학원 졸업(정치학 박사),국회 문화관광 예산결산위원||국회물관리정책연구회장,,39280,59.00,True
17,강원 춘천시,,한나라당,허천,許천,남,1943,04,10,,정치인,춘천고등학교졸업,강원도의회 제3|4|5대 의원||춘천시사회복지협의회 회장,,47644,42.90,True
17,강원 원주시,,한나라당,이계진,李季振,남,1946,11,23,,방송인,고려대학교 국어국문학과 졸업,방송인생활 30년,,49509,42.20,True
17,강원 강릉시,,한나라당,심재엽,沈在曄,남,1946,03,02,,심로악기(주) 회장,서울대학교 상과대학 졸업,(前)강원도 정무부지사||심로악기(주) 대표이사,,45587,47.20,True
17,강원 동해시삼척시,,한나라당,최연희,崔鉛熙,남,1944,12,29,,국회의원,성균관대학교대학원졸업(법학박사),한나라당 강원도지부위원장||한나라당 사무부총장,,43199,55.60,True
17,강원 속초시고성군양양군,,한나라당,정문헌,鄭文憲,남,1966,05,04,,동국대학교 행정대학원 겸임교수,고려대학교 대학원 정치학박사,고려대학교 연구교수||유암문화재단 이사장,,23369,35.80,True
17,강원 홍천군횡성군,,열린우리당,조일현,曺馹鉉,남,1955,07,15,,정당인,중국 북경대 대학원 졸업(박사과정),제14대 국회의원||중국 북경대학 파견교수,,24194,43.10,True
17,강원 태백시영월군평창군정선군,,열린우리당,이광재,李光宰,남,1965,02,28,,정당인,연세대학교 법학과 졸업,청와대 국정상황실장,,39061,46.70,True
17,강원 철원군화천군양구군인제군,,한나라당,박세환,朴世煥,남,1957,02,03,,정당인,고려대학교 법과대학 행정학과 졸업,서울·춘천·의정부 지청 검사||한나라당 지구당 위원장,,22406,37.20,True
17,충북 청주시상당구,,열린우리당,홍재형,洪在馨,남,1938,03,27,,국회의원,서울대학교 행정대학원 행정학과졸업(석사),재정경제원장관 겸 경제부총리||제16대 국회의원,,55691,56.00,True
17,충북 청주시흥덕구갑,,열린우리당,오제세,吳濟世,남,1949,04,05,,정치인,서울대학교 환경대학원 졸업,인천광역시 행정부시장||청주시 부시장,,34204,46.20,True
17,충북 청주시흥덕구을,,열린우리당,노영민,盧英敏,남,1957,11,25,,정당인,연세대학교 경영학과 졸업,열린우리당 행정수도이전대책위원장||노무현후보선대위충북본부장,,36604,52.50,True
17,충북 충주시,,열린우리당,이시종,李始鍾,남,1947,04,18,,정당인,서울대 정치학과 졸업,내무부 지방 기획국장||1|2|3기 민선 충주시장,,46155,51.60,True
17,충북 제천시단양군,,열린우리당,서재관,徐載寬,남,1946,02,10,,정당인,고려대학교 법학과졸업,제천경찰서장||해양경찰청장,,35478,45.30,True
17,충북 청원군,,열린우리당,변재일,卞在一,남,1948,09,02,,정당인,미국 펜실베니아대학교 대학원 2년 졸업,정보통신부 차관||국무총리국무조정실 산업심의관,,27958,54.80,True
17,충북 보은군옥천군영동군,,열린우리당,이용희,李龍熙,남,1931,06,10,,정당인,대전사범학교 졸업,제9|10|12대 국회의원||열린우리당 상임고문,,36991,50.00,True
17,충북 증평군진천군괴산군음성군,,열린우리당,김종률,金鍾律,남,1962,12,25,,변호사,서울대학교 법과대학원 졸업,법무법인춘추 대표||단국대학교 법학과 교수,,42617,47.60,True
17,충남 천안시갑,,열린우리당,양승조,梁承晁,남,1959,03,21,,변호사,성균관대학교 법학과 졸업,충남육상경기연맹회장||법인택시 노조연합 법률고문,,38675,45.30,True
17,충남 천안시을,,열린우리당,박상돈,朴商敦,남,1949,09,03,,나사렛대학교 객원교수,서울대학교 행정대학원 졸업,대천시장||충청남도기획정보실장,,41615,45.50,True
17,충남 공주시연기군,,열린우리당,오시덕,吳施德,남,1947,06,09,,공주대 겸임교수,충남대학교 대학원 건축공학과 졸업,대한주택공사 사장||공주대 겸임교수,,40725,46.70,True
17,충남 보령시서천군,,자민련,류근찬,柳根粲,남,1949,02,27,,정당인,서울대학교 사범대학 졸업,KBS보도본부장||한국신문방송편집인협회부회장,,30569,39.40,True
17,충남 아산시,,열린우리당,복기왕,卜箕旺,남,1968,04,10,,정당인,고려대학교 정책대학원 석사과정 수료,(전)노무현대통령후보아산시선거대책위원장||(현)신행정수도건설 기획단 자문위원,,27769,37.40,True
17,충남 서산시태안군,,열린우리당,문석호,文錫鎬,남,1959,07,12,,국회의원,고려대학교 법학과 졸업,노무현후보 선대위 대변인||열린우리당 창당상황실장,,40827,46.80,True
17,충남 논산시계룡시금산군,,자민련,이인제,李仁濟,남,1948,12,11,,국회의원,서울대학교 행정학과 졸업,제13.14.16대 국회의원||제15대 대통령 후보,,42242,44.90,True
17,충남 부여군청양군,,자민련,김학원,金學元,남,1947,10,15,,국회의원,서울대학교 법학과 졸업,국회의원||자민련 원내총무,,34243,65.40,True
17,충남 홍성군예산군,,한나라당,홍문표,洪文杓,남,1947,10,05,,정당인,한양대학교 행정대학원 졸업,한나라당 사무부총장||한나라당 운영위원,,27081,32.50,True
17,충남 당진군,,자민련,김낙성,金洛聖,남,1942,12,06,,정당인,단국대학교 행정대학원 행정학과 졸업,(전)자유민주연합당진군지구당위원장||(전)민선1·2·3기 당진군수,,17711,37.30,True
17,전북 전주시완산구갑,,열린우리당,장영달,張永達,남,1948,08,24,,국회의원,국민대학교 대학원 졸업(법학석사),열린우리당 조직위원장||국회 국방위원장,,48556,65.40,True
17,전북 전주시완산구을,,열린우리당,이광철,李光喆,남,1956,05,02,,정당인,전북대학교 철학과 졸업,대통령자문 국가균형발전위원회 자문위원||열린우리당 중앙위원,,52632,69.20,True
17,전북 전주시덕진구,,열린우리당,채수찬,蔡秀燦,남,1955,02,27,,미국 Rice대학교 경제학과 교수,미국 펜실베니아대학교 경제학박사 취득,미국 라이스대학교 경제학과 종신교수||IMF외환위기극복김대중대통령자문,,86270,72.50,True
17,전북 군산시,,열린우리당,강봉균,康奉均,남,1943,08,13,,국회의원,서울대학교 상과대학 졸업,정보통신부 장관||재정경제부 장관,,83745,78.30,True
17,전북 익산시갑,,열린우리당,한병도,韓秉道,남,1967,12,07,,정당인,원광대학교 신문방송학과 졸업,대통령자문 국가균형발전위원회 자문위원||중앙부처 익산유치 추진단 공동단장,,47527,74.50,True
17,전북 익산시을,,열린우리당,조배숙,趙培淑,여,1956,09,10,,변호사,서울대학교대학원 법학과 졸업(석사),제16대 국회의원||열린우리당 중앙위원,,46078,66.80,True
17,전북 정읍시,,열린우리당,김원기,金元基,남,1937,02,16,,국회의원,연세대학교 정치외교학과 졸업,열린우리당 최고상임고문,,32562,49.60,True
17,전북 남원시순창군,,열린우리당,이강래,李康來,남,1953,03,02,,제16대 국회의원,서울대학교 대학원(행정학박사),제16대 국회의원,,38614,59.30,True
17,전북 김제시완주군,,열린우리당,최규성,崔圭成,남,1950,02,04,,정치인,서울대학교 법과대학 법학과 졸업,국민정치 연구회 사무총장||노무현 대통령 선대위 중앙당 조직부본부장,,46874,51.00,True
17,전북 진안군무주군장수군임실군,,열린우리당,정세균,丁世均,남,1950,09,26,,국회의원,경희대학교 경영학박사,열린우리당 정책위의장||전라북도당 위원장,,45475,78.10,True
17,전북 고창군부안군,,열린우리당,김춘진,金椿鎭,남,1953,01,24,,치과의사,경희대학교 대학원 치의학 박사,전 대통령 및 그 가족 의료자문의||대한보건협회(사)부회장,,23328,36.30,True
17,전남 목포시,,새천년민주당,이상열,李相烈,남,1952,01,22,,변호사,서울대학교 정치학과 졸업,목포변호사회 회장(전)||목포YMCA 증경이사장(현),,48745,50.90,True
17,전남 여수시갑,,열린우리당,김성곤,金星坤,남,1952,11,06,,평화운동가,美템플대학교 문과대학원5년졸업(철학박사),제15대 국회의원||국립중앙청소년수련원장,,39986,62.10,True
17,전남 여수시을,,열린우리당,주승용,朱昇鎔,남,1952,07,27,,(주)화성산업이사,고려대학교 경영대학원 졸업(경영학석사),여천군수 역임||여수시장 역임,,44112,66.90,True
17,전남 순천시,,열린우리당,서갑원,徐甲源,남,1962,06,24,,정당인,국민대 법학과 대학원 졸업,대통령 의전.정무 비서관||열린우리당 정책위 부의장,,57563,49.80,True
17,전남 나주시화순군,,무소속,최인기,崔仁基,남,1944,03,18,,정치인,서울대학교 법과대학  졸업,농림수산부장관||행정자치부장관,,36708,42.10,True
17,전남 광양시구례군,,열린우리당,우윤근,禹潤根,남,1957,09,24,,법무법인유.러European&Russian대표변호사,전남대학교 대학원 졸업,열린우리당 중앙위원||주한 중국대사관 법률고문,,42771,57.40,True
17,전남 담양군곡성군장성군,,새천년민주당,김효석,金孝錫,남,1949,07,15,,정당인,(미)조지아대학교대학원졸(경영학석.박사),제16대 새천년민주당 국회의원||새천년민주당제2정책조정위원회위원장,,36889,52.50,True
17,전남 고흥군보성군,,열린우리당,신중식,申仲植,남,1940,12,27,,정당인,서울대학교 외교학과 졸업,(전)국정홍보처장||(전)월드컵문화시민중앙협의회 사무총장,,27699,34.50,True
17,전남 장흥군영암군,,열린우리당,유선호,柳宣浩,남,1953,09,27,,변호사,서울대학교 법과 대학원 졸업(법학석사),제15대 국회의원||김대중대통령 정무수석 비서관,,24206,46.10,True
17,전남 강진군완도군,,열린우리당,이영호,李泳鎬,남,1959,12,03,,정당인,부경대학교 대학원졸업(수산학박사),해남수산기술관리소장||전남대학교 교수,,28381,52.20,True
17,전남 해남군진도군,,새천년민주당,이정일,李正一,남,1947,11,07,,국회의원,한양대학교 공업경영학과 1년 중퇴,김대중총재 특보||국회 농림해양수산위원,,34844,55.50,True
17,전남 무안군신안군,,새천년민주당,한화갑,韓和甲,남,1939,02,01,,제16대 국회의원,서울대학교 외교학과 졸업,재단법인 한국기원 총재(현)||새천년민주당 대표최고위원(초대직선 대표),,32535,57.50,True
17,전남 함평군영광군,,새천년민주당,이낙연,李洛淵,남,1952,12,20,,국회의원,서울대학교 법학과 졸업,제16대 국회의원||민주당 대변인,,30123,55.30,True
17,경북 포항시북구,,한나라당,이병석,李秉錫,남,1952,10,28,,국회의원,고려대학교 대학원 졸업,대통령정무비서관(1급)||16대국회행정자치위간사,,60580,55.30,True
17,경북 포항시남구울릉군,,한나라당,이상득,李相得,남,1935,11,29,,국회의원,서울대학교 경제학과 졸업,코오롱 사장||사무총장(한나라당),,59370,50.10,True
17,경북 경주시,,한나라당,정종복,鄭鍾福,남,1950,07,14,,변호사,서울대학교 법과대학 졸업,국회법사위 전문위원 (1급),,64724,51.30,True
17,경북 김천시,,한나라당,임인배,林仁培,남,1954,04,27,,국회의원,연세대 행정대학원 졸업,건국대 초빙교수||한나라당 원내 수석부총무,,41696,62.20,True
17,경북 안동시,,한나라당,권오을,權五乙,남,1957,03,17,,국회의원,고려대학교 정책대학원 졸업,제15| 16대 국회의원||한나라당 운영위원,,50470,61.60,True
17,경북 구미시갑,,한나라당,김성조,金晟祚,남,1958,11,15,,국회의원,경북대학교 행정대학원 졸업,한나라당 원내부총무||제16대 국회의원,,42550,57.80,True
17,경북 구미시을,,한나라당,김태환,金泰煥,남,1943,09,24,,금호아시아나그룹 상임고문,연세대학교 정법대학 정치외교학과 졸업,(주)아시아나항공 부사장||(주)금호 피엔비화학 사장,,32804,54.40,True
17,경북 영주시,,한나라당,장윤석,張倫碩,남,1950,01,05,,변호사,서울대학교 법과대학 졸업,창원지방검찰청 검사장||법무부 검찰국장(차관급),,32187,52.80,True
17,경북 영천시,,한나라당,이덕모,李德摸,남,1953,03,16,,변호사,서울대학교 법학과 졸업,재인천.부천 향우회장||경인법무법인 대표,,23161,42.70,True
17,경북 상주시,,한나라당,이상배,李相培,남,1939,10,10,,국회의원,서울대학교 법과대학 졸업,서울특별시장||제15|16대 국회의원,,40341,70.60,True
17,경북 문경시예천군,,무소속,신국환,辛國煥,남,1939,09,02,,한국유통정보센터상임고문,서울대학교 법과대학 졸업,삼성물산(주)상임고문||산업자원부장관,,33915,48.00,True
17,경북 경산시청도군,,한나라당,최경환,崔炅煥,남,1955,02,27,,경산.청도 경제도약연구소 이사장,미국 위스콘신대학교 경제학 박사,이회창 대통령후보 상근 경제특보||한국경제신문 논설위원,,71196,63.30,True
17,경북 군위군의성군청송군,,한나라당,김재원,金在原,남,1964,12,20,,변호사,서울대학교 행정대학원 행정학과 졸업,행정고시(31회) 및 사법시험(36회) 합격||서울지방검찰청 검사,,32914,47.20,True
17,경북 고령군성주군칠곡군,,한나라당,이인기,李仁基,남,1953,02,26,,국회의원,서울대학교 법학과 졸업,제16대 국회의원||변호사,,49586,61.00,True
17,경북 영양군영덕군봉화군울진군,,한나라당,김광원,金光元,남,1940,12,15,,국회의원,서울대 법과대학 행정학과 졸업,경상북도부지사||제15.16대 국회의원,,39405,46.20,True
17,경남 창원시갑,,한나라당,권경석,權炅錫,남,1946,01,02,,정당인,동아대학교 대학원 (행정학 박사),경상남도 행정부지사||경남대학교부설경남지역문제연구원 이사장,,50454,45.60,True
17,경남 창원시을,,민주노동당,권영길,權永吉,남,1941,11,05,,정당인,서울대 농대 졸업,창원시 학교급식운동본부본부장||민주노동당 대표,,52758,49.80,True
17,경남 마산시갑,,한나라당,김정부,金政夫,남,1942,02,14,,국회의원,고려대학교 법과대학 졸업,제13회 행정고시 합격||제16대 국회의원(현),,49192,53.70,True
17,경남 마산시을,,한나라당,안홍준,安鴻俊,남,1951,03,02,,마산중앙자모의원 원장,경상대학교 대학원 의학과 졸업,지방분권경남본부대표||마창진참여연대대표,,48756,49.40,True
17,경남 진주시갑,,한나라당,최구식,崔球植,남,1960,10,11,,정당인,서울대학교 외교학과 졸업,조선일보 정치부 차장||국회의장 공보수석(1급) 비서관,,39575,51.90,True
17,경남 진주시을,,한나라당,김재경,金在庚,남,1961,10,10,,변호사,경상대학교 법과대학 법학과 졸업,부산지방검찰청 검사||서울지방검찰청 검사,,37851,48.70,True
17,경남 진해시,,한나라당,김학송,金鶴松,남,1952,07,06,,국회의원,건국대학교 정치외교학과 졸업,제4대 경상남도의회의원||제16대 국회의원,,31465,44.70,True
17,경남 통영시고성군,,한나라당,김명주,金命柱,남,1967,03,07,,변호사,서울대학교 법대 졸업,부산지방법원울산지원| 창원지방법원 판사||제7대 경상남도의회의원,,45115,53.30,True
17,경남 사천시,,한나라당,이방호,李方鎬,남,1945,03,06,,국회의원,연세대학교 법학과 졸업,민선수협중앙회 회장||제16대 국회의원,,30965,60.10,True
17,경남 김해시갑,,열린우리당,김맹곤,金孟坤,남,1945,10,20,,기업인,단국대학교 법정대학 법학과 졸업,명진철강(주) 대표이사||경상남도 개발공사 사장,,35507,47.50,True
17,경남 김해시을,,열린우리당,최철국,崔喆國,남,1952,12,30,,김해발전연구소 소장,서울대학교대학원 법학과 수료,열린우리당 경남도 중소기업특별위원장||경상남도 문화관강국장,,51913,57.90,True
17,경남 밀양시창녕군,,한나라당,김용갑,金容甲,남,1936,09,28,,국회의원,육군사관학교 졸업,총무처장관||제15·16대 국회의원,,43685,50.30,True
17,경남 거제시,,한나라당,김기춘,金淇春,남,1939,11,25,,국회의원,서울대학교 대학원졸업(법학박사),검찰총장||법무부장관,,34729,43.50,True
17,경남 의령군함안군합천군,,한나라당,김영덕,金榮德,남,1953,01,28,,변호사,창원대학교 대학원 법학과 졸업(법학석사),창원지방변호사회 회장||경상남도학교운영위원장협의회장(현),,40432,53.10,True
17,경남 양산시,,한나라당,김양수,金陽秀,남,1960,11,01,,유림건설(주) 창업주겸 회장,부산대학교대학원 도시공학과 박사과정수료,한나라당 대표 경제특보||전경련 경제정책위원회 운영위원,,30679,35.90,True
17,경남 남해군하동군,,한나라당,박희태,朴禧太,남,1938,08,09,,국회의원,건국대학교 대학원,한나라당 원내총무||한나라당 대표최고위원,,34106,53.50,True
17,경남 산청군함양군거창군,,한나라당,이강두,李康斗,남,1937,01,26,,국회의원,성균관대학교대학원 졸업(행정학박사),제14|15|16대 국회의원||현 한나라당 정책위의장,,46385,62.00,True
17,제주 제주시북제주군갑,,열린우리당,강창일,姜昌一,남,1952,01,28,,대학교수,동경대대학원 3년수료(문학박사),배재대학교 교무처장||제주4·3연구소장,,56608,48.20,True
17,제주 제주시북제주군을,,열린우리당,김우남,金宇南,남,1955,05,23,,정당인,경희대 대학원 수료,제주도의회 부의장,,19053,38.00,True
17,제주 서귀포시남제주군,,열린우리당,김재윤,金才允,남,1965,05,24,,탐라대학교 교수,명지대학교 대학원졸업(문학박사),국정자문위원회 위원||열린우리당 중앙위원,,41466,59.60,True
17,비례대표,,한나라당,김애실,金愛實,여,1946,08,01,,한국외대 경제학과 교수,하와이대 대학원 졸업(경제학 박사),대통령자문 국민경제자문위원회위원,1,,,True
17,비례대표,,한나라당,박세일,朴世逸,남,1948,04,04,,서울대 교수,서울대 법학과 졸업,청와대 정책기획 수석비서관,2,,,True
17,비례대표,,한나라당,박찬숙,朴贊淑,여,1945,12,05,,방송인,숙명여대 국어국문학과 졸업,KBS 보도 방송위원,3,,,True
17,비례대표,,한나라당,윤건영,尹建永,남,1952,03,08,,연세대 경제학과 교수,하버드대  졸업(경제학박사),경실련 정책위의장,4,,,True
17,비례대표,,한나라당,송영선,宋永仙,여,1953,08,09,,한국 안보포럼대표,하와이대 졸업(정치학 박사),한국국방연구원 안보전략센터 소장,5,,,True
17,비례대표,,한나라당,황진하,黃辰夏,남,1946,08,25,,한국군사문제연구원 연구위원,육군사관학교 졸업,UN평화 유지군 사령관,6,,,True
17,비례대표,,한나라당,전여옥,田麗玉,여,1959,04,19,,당대변인,이화여대학원정치외교학과 박사과정 재학,KBS기자,7,,,True
17,비례대표,,한나라당,정화원,鄭和元,남,1948,07,08,,한국시각장애인연합회중앙회 수석부회장,방통대 교육학과 졸업,부산시의원,8,,,True
17,비례대표,,한나라당,이계경,李啓卿,여,1950,12,21,,당운영위원,이화여대 대학원(사회사업학과)졸업,여성신문사 명예회장,9,,,True
17,비례대표,,한나라당,박재완,朴宰完,남,1955,01,24,,성균관대 교수,하버드대 정책학 박사 졸업,경실련정책위의장,10,,,True
17,비례대표,,한나라당,나경원,羅卿瑗,여,1963,12,06,,변호사,서울대 법대 졸업,서울행정법원 판사,11,,,True
17,비례대표,,한나라당,이주호,李周浩,남,1961,02,17,,교육개혁 연구소장,미국 코넬대 졸업( 경제학 박사 ),KDI 정책대학원교수,12,,,True
17,비례대표,,한나라당,김영숙,金英淑,여,1943,01,20,,교육자,숙명여대 교육대학원 졸업,전국초등학교여자교장협의회회장,13,,,True
17,비례대표,,한나라당,유승민,劉承旼,남,1958,01,07,,한림대 교수,미국 위스콘신대 졸업(경제학박사),당 여의도 연구소장,14,,,True
17,비례대표,,한나라당,고경화,高京華,여,1962,07,18,,정당인,이대 사회복지학 박사과정 재학,당보건복지 수석전문위원,15,,,True
17,비례대표,,한나라당,이군현,李君賢,남,1952,03,12,,중앙대 교육대학원 교수,미국 캔자스주립대학교 졸업(박사),한국교총회장,16,,,True
17,비례대표,,한나라당,진수희,陳壽姬,여,1955,11,12,,정당인,미국일리노이대 졸업(사회학 박사),당 여의도연구소 선임연구위원,17,,,True
17,비례대표,,한나라당,배일도,裵一道,남,1950,09,14,,회사원,전북대 공대 2년 중퇴,서울지하철노조위원장,18,,,True
17,비례대표,,한나라당,안명옥,安明玉,여,1954,08,31,,포천중문의대 교수,UCLA 졸업(보건학 박사),대한의사협회 대외협력이사,19,,,True
17,비례대표,,한나라당,서상기,徐相箕,남,1946,01,29,,호서대 환경안전공학부 교수,Drexer대학원 졸업 (공학박사),한국기계 연구원장,20,,,True
17,비례대표,,한나라당,박순자,朴順子,여,1958,10,12,,당부대변인,고려대학교 경제학과 졸업,당안산단원지구당 위원장,21,,,True
17,비례대표,,새천년민주당,손봉숙,孫鳳淑,여,1944,03,17,,한국여성정치연구소 이사장,이화여대 대학원졸업,한국정치연구소 이사장||민주당선거대책위원회 공동위원장,1,,,True
17,비례대표,,새천년민주당,김종인,金鐘仁,남,1940,07,11,,대한발전전략연구원 이사장,독일 뮌스터대학졸업(경제학박사),11|12|14대 국회의원||대통령경제수석비서관,2,,,True
17,비례대표,,새천년민주당,이승희,李承姬,여,1956,03,03,,민주당대변인,이화여자대학원졸업(정치학박사),청소년보호위원회 위원장,3,,,True
17,비례대표,,새천년민주당,김홍일,金弘一,남,1948,01,21,,국회의원,경희대대학원 졸업,새천년민주당 중앙위원||제15|16대 국회의원,4,,,True
17,비례대표,,열린우리당,장향숙,張香淑,여,1961,02,03,,인권운동가,무,한국장애인연합공동대표,1,,,True
17,비례대표,,열린우리당,홍창선,洪昌善,남,1944,03,01,,한국과학기술원총장,펜실베니아 주립대 졸업(박사),정부출연기관장협의회장,2,,,True
17,비례대표,,열린우리당,김명자,金明子,여,1944,07,13,,정당인,버지니아대학 박사 졸업,환경부 장관,3,,,True
17,비례대표,,열린우리당,김혁규,金爀珪,남,1939,08,01,,정당인,부산대학교 행정학과 졸업,경상남도지사,4,,,True
17,비례대표,,열린우리당,이경숙,李景叔,여,1953,08,15,,정당인,이화여대 대학원 사학과(석사) 졸업,한국여성단체연합상임대표,5,,,True
17,비례대표,,열린우리당,박찬석,朴贊石,남,1940,09,05,,경북대 교수,하와이대 박사졸업,경북대 총장,6,,,True
17,비례대표,,열린우리당,홍미영,洪美英,여,1955,09,10,,정당인,이화여대 사회학과 졸업,인천시의원,7,,,True
17,비례대표,,열린우리당,조성태,趙成台,남,1942,11,03,,동국대 교수,동국대 대학원 안보행정학과 졸업,국방부장관,8,,,True
17,비례대표,,열린우리당,박영선,朴映宣,여,1960,01,22,,정당인,서강대 언론대학원 문학석사 졸업,MBC 앵커,9,,,True
17,비례대표,,열린우리당,정의용,鄭義溶,남,1946,04,14,,정당인,서울대 외교학과 졸업,ILO 의장,10,,,True
17,비례대표,,열린우리당,김현미,金賢美,여,1962,11,29,,정당인,연세대 정치외교학과 졸업,청와대 정무2비서관,11,,,True
17,비례대표,,열린우리당,박명광,朴明光,남,1945,02,01,,경희대 교수,사토토마스대 박사 졸업,前 경희대 부총장,12,,,True
17,비례대표,,열린우리당,김영주,金榮珠,여,1955,07,27,,정당인,서강대 경제대학원 석사 졸업,前 전국금융노련상임부위원장,13,,,True
17,비례대표,,열린우리당,조성래,趙誠來,남,1941,10,24,,변호사,서울대 사법대학원 수료,부산변호사 협회회장,14,,,True
17,비례대표,,열린우리당,강혜숙,姜惠叔,여,1947,09,30,,청주대 교수,이화여대 대학원 석사졸업,청주대 무용학과 정교수,15,,,True
17,비례대표,,열린우리당,정덕구,鄭德龜,남,1948,11,01,,정당인,위수콘신대 석사 졸업,산업자원부 장관,16,,,True
17,비례대표,,열린우리당,이은영,李銀榮,여,1952,03,01,,외국어대 교수,독일 튀빙겐대 법학박사 졸업,한국외국어대 법대교수,17,,,True
17,비례대표,,열린우리당,민병두,閔丙두,남,1958,06,10,,정당인,성균관대 무역학과 졸업,前 문화일보 정치부장,18,,,True
17,비례대표,,열린우리당,윤원호,尹元昊,여,1943,07,04,,정당인,진주교육대학교 졸업,부산여성단체협의회회장,19,,,True
17,비례대표,,열린우리당,박홍수,朴弘綬,남,1955,04,18,,농업인,경상대 임학과 졸업,한농연 중앙회장,20,,,True
17,비례대표,,열린우리당,유승희,兪承希,여,1960,04,26,,정당인,이화여대 대학원 기독교학과 졸업,우리당총괄 조직실장,21,,,True
17,비례대표,,열린우리당,장복심,張福心,여,1946,06,16,,약사,강원대 약학박사 졸업,대한여약사회 회장,23,,,True
17,비례대표,,열린우리당,김재홍,金在洪,남,1950,01,03,,경기대 교수,서울대 정치학 박사 졸업,동아일보 정치부 논설위원,24,,,True
17,비례대표,,민주노동당,심상정,沈相정,여,1959,02,20,,노동자,서울대학교 사범대학 역사교육과 졸업,전국금속노동조합 사무처장||민주노동당 당대회 부의장,1,,,True
17,비례대표,,민주노동당,단병호,段炳浩,남,1949,07,13,,노동자,포항동지상업고등학교 3년 중퇴,전노협 위원장||민주노총위원장,2,,,True
17,비례대표,,민주노동당,이영순,李永順,여,1962,03,05,,정당인,고려대학교 졸업,울산 전동구청장||현 민주노동당 울산시지부여성위원장,3,,,True
17,비례대표,,민주노동당,천영세,千永世,남,1943,08,20,,정당인,고려대학교 사회학과 졸업,민주노동당 사무총장||민주노동당 부대표,4,,,True
17,비례대표,,민주노동당,최순영,崔順永,여,1953,09,15,,정당인,미기재,민주노동당 부대표||부천시시의회 1| 2대의원,5,,,True
17,비례대표,,민주노동당,강기갑,姜基甲,남,1953,06,07,,농업,사천농업고등학교 졸업,전국농민회총연맹부의장||사천읍 농업협동조합 감사,6,,,True
17,비례대표,,민주노동당,현애자,玄愛子,여,1962,10,28,,농업,경희대학교 4년 중퇴,전국여성농민회총연합 제주도연합회장||전국여성농민회총연합 남제주군농민회장,7,,,True
17,비례대표,,민주노동당,노회찬,魯會燦,남,1956,08,31,,정당인,고려대학교 정치외교학과 졸업,민주노동당 사무총장||매일노동뉴스 발행인,8,,,True
